{
  "registers": {
    "froakie": {
      "normal": {
        "isShiny": false,
        "status": "CAUGHT",
        "discoveredTimestamp": 1732408043632,
        "caughtTimestamp": 1732408043632
      }
    },
    "charmander": {
      "normal": {
        "isShiny": false,
        "status": "CAUGHT",
        "discoveredTimestamp": 1732415145871,
        "caughtTimestamp": 1732415145871
      }
    },
    "mudkip": {
      "normal": {
        "isShiny": false,
        "status": "CAUGHT",
        "discoveredTimestamp": 1732417034838,
        "caughtTimestamp": 1732417034838
      }
    },
    "charmeleon": {
      "normal": {
        "isShiny": false,
        "status": "CAUGHT",
        "discoveredTimestamp": 1732418401991,
        "caughtTimestamp": 1732418401991
      }
    },
    "swinub": {
      "normal": {
        "isShiny": false,
        "status": "SEEN",
        "discoveredTimestamp": 1732418462245
      }
    },
    "growlithe": {
      "normal": {
        "isShiny": false,
        "status": "CAUGHT",
        "discoveredTimestamp": 1732419916554,
        "caughtTimestamp": 1732419916554
      }
    },
    "mareep": {
      "normal": {
        "isShiny": false,
        "status": "CAUGHT",
        "discoveredTimestamp": 1732475551211,
        "caughtTimestamp": 1732475551211
      }
    },
    "flaaffy": {
      "normal": {
        "isShiny": false,
        "status": "CAUGHT",
        "discoveredTimestamp": 1732475562229,
        "caughtTimestamp": 1732475562229
      }
    },
    "frogadier": {
      "normal": {
        "isShiny": false,
        "status": "CAUGHT",
        "discoveredTimestamp": 1732477859828,
        "caughtTimestamp": 1732477859828
      }
    },
    "gloom": {
      "normal": {
        "isShiny": false,
        "status": "CAUGHT",
        "discoveredTimestamp": 1732478143024,
        "caughtTimestamp": 1732478143024
      }
    },
    "bulbasaur": {
      "normal": {
        "isShiny": false,
        "status": "CAUGHT",
        "discoveredTimestamp": 1732478440498,
        "caughtTimestamp": 1732478440498
      }
    },
    "wooloo": {
      "normal": {
        "isShiny": false,
        "status": "CAUGHT",
        "discoveredTimestamp": 1732479509703,
        "caughtTimestamp": 1732479509703
      }
    },
    "shinx": {
      "normal": {
        "isShiny": false,
        "status": "CAUGHT",
        "discoveredTimestamp": 1732479556575,
        "caughtTimestamp": 1732479556575
      }
    },
    "geodude": {
      "normal": {
        "isShiny": false,
        "status": "CAUGHT",
        "discoveredTimestamp": 1732479705802,
        "caughtTimestamp": 1732479705802
      }
    },
    "graveler": {
      "normal": {
        "isShiny": false,
        "status": "CAUGHT",
        "discoveredTimestamp": 1732479717361,
        "caughtTimestamp": 1732479717361
      }
    },
    "machop": {
      "normal": {
        "isShiny": false,
        "status": "CAUGHT",
        "discoveredTimestamp": 1732480087776,
        "caughtTimestamp": 1732480087776
      }
    }
  }
}