{
  "registers": {
    "froakie": {
      "normal": {
        "isShiny": false,
        "status": "CAUGHT",
        "discoveredTimestamp": 1732408043632,
        "caughtTimestamp": 1732408043632
      }
    },
    "charmander": {
      "normal": {
        "isShiny": false,
        "status": "CAUGHT",
        "discoveredTimestamp": 1732415145871,
        "caughtTimestamp": 1732415145871
      }
    },
    "mudkip": {
      "normal": {
        "isShiny": false,
        "status": "CAUGHT",
        "discoveredTimestamp": 1732417034838,
        "caughtTimestamp": 1732417034838
      }
    },
    "charmeleon": {
      "normal": {
        "isShiny": false,
        "status": "CAUGHT",
        "discoveredTimestamp": 1732418401991,
        "caughtTimestamp": 1732418401991
      }
    },
    "swinub": {
      "normal": {
        "isShiny": false,
        "status": "SEEN",
        "discoveredTimestamp": 1732418462245
      }
    },
    "growlithe": {
      "normal": {
        "isShiny": false,
        "status": "CAUGHT",
        "discoveredTimestamp": 1732419916554,
        "caughtTimestamp": 1732419916554
      }
    }
  }
}