{
  "uuid": "10e32f08-95a2-3b68-a213-7e6e3cfdebad",
  "starterPrompted": true,
  "starterLocked": false,
  "starterSelected": true,
  "starterUUID": "9f6efdbe-5d76-40ae-8e41-9898d0897d3a",
  "keyItems": [],
  "battleTheme": "cobblemon:battle.pvp.default",
  "extraData": {
    "cobbledex_discovery": {
      "registers": {
        "charmander": {
          "normal": {
            "isShiny": false,
            "status": "CAUGHT",
            "discoveredTimestamp": 1732415145867,
            "caughtTimestamp": 1732415145867
          }
        },
        "charmeleon": {
          "normal": {
            "isShiny": false,
            "status": "CAUGHT",
            "discoveredTimestamp": 1732418401991,
            "caughtTimestamp": 1732418401991
          }
        },
        "growlithe": {
          "normal": {
            "isShiny": false,
            "status": "CAUGHT",
            "discoveredTimestamp": 1732419916553,
            "caughtTimestamp": 1732419916553
          }
        }
      },
      "name": "cobbledex_discovery"
    },
    "Cobbledex_RewardHistory": {
      "received": [],
      "name": "Cobbledex_RewardHistory"
    }
  },
  "advancementData": {
    "totalCaptureCount": 1,
    "totalEggsHatched": 0,
    "totalEvolvedCount": 1,
    "totalBattleVictoryCount": 23,
    "totalPvPBattleVictoryCount": 1,
    "totalPvWBattleVictoryCount": 22,
    "totalPvNBattleVictoryCount": 0,
    "totalShinyCaptureCount": 0,
    "totalTradedCount": 0,
    "totalTypeCaptureCounts": {
      "fire": 1
    },
    "totalDefeatedCounts": {
      "cobblemon:snorunt": 11,
      "cobblemon:sentret": 1,
      "cobblemon:swinub": 7,
      "cobblemon:cetoddle": 1,
      "cobblemon:meowth": 1
    },
    "aspectsCollected": {}
  }
}