{"stats":{"minecraft:killed_by":{"friendsandfoes:iceologer":1},"minecraft:custom":{"minecraft:time_since_rest":2730,"minecraft:crouch_one_cm":541,"minecraft:play_time":11239,"lootr:looted_stat":1,"minecraft:sprint_one_cm":24667,"minecraft:walk_one_cm":18194,"minecraft:damage_taken":200,"minecraft:deaths":1,"minecraft:sneak_time":111,"minecraft:drop":1,"minecraft:jump":196,"minecraft:leave_game":2,"minecraft:time_since_death":2667,"minecraft:total_world_time":11239,"minecraft:interact_with_smoker":3,"minecraft:interact_with_crafting_table":1,"minecraft:fall_one_cm":4354,"minecraft:fly_one_cm":55448},"minecraft:mined":{"minecraft:crafting_table":1,"minecraft:blue_bed":1},"minecraft:picked_up":{"minecraft:crafting_table":1,"patchouli:guide_book":1,"minecraft:blue_bed":1},"minecraft:dropped":{"patchouli:guide_book":1},"minecraft:used":{"minecraft:leather_helmet":1,"minecraft:leather_chestplate":1}},"DataVersion":3465}