{"stats":{"minecraft:custom":{"minecraft:jump":133,"minecraft:time_since_rest":8404,"minecraft:crouch_one_cm":528,"minecraft:sprint_one_cm":17965,"minecraft:leave_game":1,"minecraft:play_time":8404,"minecraft:time_since_death":8404,"minecraft:walk_one_cm":13373,"minecraft:sneak_time":108,"minecraft:interact_with_smoker":1,"minecraft:total_world_time":8404,"minecraft:fall_one_cm":3936,"minecraft:drop":1,"minecraft:fly_one_cm":35775},"minecraft:picked_up":{"patchouli:guide_book":1},"minecraft:dropped":{"patchouli:guide_book":1}},"DataVersion":3465}