{"stats":{"minecraft:killed_by":{"cobblemon:pokemon":1,"minecraft:player":1},"minecraft:custom":{"minecraft:time_since_rest":3011,"minecraft:crouch_one_cm":805,"minecraft:play_time":50650,"minecraft:sprint_one_cm":2034,"minecraft:walk_one_cm":359221,"minecraft:damage_taken":1186,"minecraft:deaths":4,"minecraft:sneak_time":555,"minecraft:drop":1,"minecraft:jump":111,"minecraft:damage_dealt":37,"minecraft:leave_game":1,"minecraft:time_since_death":2983,"minecraft:sleep_in_bed":2,"minecraft:total_world_time":50650,"minecraft:fall_one_cm":9696,"minecraft:fly_one_cm":2071},"minecraft:mined":{"minecraft:spruce_leaves":2,"minecraft:spruce_log":7},"minecraft:picked_up":{"minecraft:rotten_flesh":1,"minecraft:spruce_sapling":1,"minecraft:spruce_log":7,"minecraft:snowball":1},"minecraft:dropped":{"minecraft:crafting_table":1},"minecraft:crafted":{"minecraft:crafting_table":1,"minecraft:spruce_planks":4}},"DataVersion":3465}