{"stats":{"minecraft:killed_by":{"cobblemon:pokemon":1,"minecraft:player":1},"minecraft:custom":{"minecraft:time_since_rest":15011,"minecraft:crouch_one_cm":805,"minecraft:play_time":62650,"minecraft:sprint_one_cm":2034,"minecraft:walk_one_cm":434852,"minecraft:damage_taken":1326,"minecraft:deaths":4,"minecraft:sneak_time":570,"minecraft:drop":1,"minecraft:jump":153,"minecraft:damage_dealt":58,"minecraft:leave_game":1,"minecraft:time_since_death":14983,"minecraft:sleep_in_bed":2,"minecraft:total_world_time":62650,"minecraft:fall_one_cm":9696,"minecraft:fly_one_cm":2836},"minecraft:mined":{"minecraft:spruce_leaves":2,"minecraft:spruce_log":7},"minecraft:picked_up":{"minecraft:rotten_flesh":1,"minecraft:brown_wool":1,"minecraft:porkchop":1,"minecraft:spruce_sapling":1,"minecraft:spruce_log":7,"minecraft:snowball":1},"minecraft:dropped":{"minecraft:crafting_table":1},"minecraft:crafted":{"minecraft:crafting_table":2,"minecraft:spruce_planks":12,"minecraft:stick":4}},"DataVersion":3465}