{"stats":{"minecraft:killed_by":{"cobblemon:pokemon":1,"minecraft:player":1,"guardvillagers:guard":1},"minecraft:custom":{"minecraft:time_since_rest":64772,"minecraft:interact_with_furnace":11,"minecraft:sprint_one_cm":37431,"minecraft:damage_taken":1696,"minecraft:walk_one_cm":813227,"minecraft:mob_kills":3,"minecraft:drop":3,"minecraft:damage_dealt":306,"minecraft:interact_with_crafting_table":7,"minecraft:fly_one_cm":10309,"minecraft:crouch_one_cm":1393,"minecraft:play_time":140564,"minecraft:deaths":5,"minecraft:sneak_time":911,"minecraft:walk_under_water_one_cm":1574,"minecraft:jump":473,"minecraft:leave_game":2,"minecraft:walk_on_water_one_cm":10528,"minecraft:time_since_death":64024,"minecraft:sleep_in_bed":2,"minecraft:total_world_time":140564,"minecraft:fall_one_cm":12181},"minecraft:mined":{"minecraft:furnace":1,"minecraft:iron_ore":3,"mythicmetals:tin_ore":2,"minecraft:spruce_log":7,"minecraft:crafting_table":1,"minecraft:coal_ore":17,"minecraft:copper_ore":9,"cobblemon:sun_stone_ore":1,"minecraft:terracotta":3,"minecraft:spruce_leaves":2,"minecraft:stone":23,"cobblemon:oran_berry":3,"minecraft:gold_ore":13,"mythicmetals:banglum_ore":2,"minecraft:diorite":10},"minecraft:picked_up":{"cobblemon:sun_stone":1,"minecraft:crafting_table":1,"minecraft:raw_iron":3,"mythicmetals:raw_banglum":4,"minecraft:brown_wool":8,"minecraft:porkchop":8,"mythicmetals:raw_tin":3,"minecraft:spruce_sapling":1,"minecraft:diorite":10,"minecraft:spruce_log":7,"cobblemon:never_melt_ice":2,"minecraft:raw_copper":29,"minecraft:rotten_flesh":3,"minecraft:wheat_seeds":2,"minecraft:raw_gold":13,"cobblemon:oran_berry":11,"minecraft:terracotta":3,"minecraft:coal":17,"minecraft:snowball":3,"minecraft:bone_block":1,"minecraft:cobblestone":23,"minecraft:furnace":1},"minecraft:dropped":{"minecraft:crafting_table":1,"cobblemon:revive":2},"minecraft:crafted":{"minecraft:wooden_shovel":1,"minecraft:cooked_porkchop":7,"mythicmetals:banglum_ingot":4,"minecraft:crafting_table":3,"minecraft:spruce_planks":28,"minecraft:stick":12,"minecraft:iron_ingot":3,"minecraft:wooden_pickaxe":1,"minecraft:iron_pickaxe":1,"minecraft:stone_pickaxe":1,"minecraft:furnace":1,"minecraft:copper_ingot":29,"minecraft:torch":4},"minecraft:used":{"minecraft:stone_pickaxe":55,"minecraft:iron_pickaxe":33,"minecraft:wooden_pickaxe":17,"minecraft:cobblestone":12,"minecraft:crafting_table":2,"minecraft:porkchop":1,"minecraft:furnace":1,"minecraft:cooked_porkchop":7,"cobblemon:healing_machine":1}},"DataVersion":3465}