{"stats":{"minecraft:killed_by":{"cobblemon:pokemon":1,"minecraft:player":1},"minecraft:custom":{"minecraft:time_since_rest":27011,"minecraft:crouch_one_cm":805,"minecraft:play_time":74650,"minecraft:sprint_one_cm":2275,"minecraft:walk_one_cm":507470,"minecraft:damage_taken":1326,"minecraft:deaths":4,"minecraft:sneak_time":572,"minecraft:drop":2,"minecraft:jump":220,"minecraft:damage_dealt":58,"minecraft:leave_game":1,"minecraft:time_since_death":26983,"minecraft:sleep_in_bed":2,"minecraft:total_world_time":74650,"minecraft:fall_one_cm":9905,"minecraft:fly_one_cm":3020},"minecraft:mined":{"cobblemon:oran_berry":3,"minecraft:spruce_leaves":2,"minecraft:spruce_log":7},"minecraft:picked_up":{"minecraft:rotten_flesh":1,"minecraft:brown_wool":3,"cobblemon:oran_berry":11,"minecraft:porkchop":3,"minecraft:spruce_sapling":1,"minecraft:spruce_log":7,"cobblemon:never_melt_ice":1,"minecraft:snowball":1,"minecraft:bone_block":1},"minecraft:dropped":{"cobblemon:revive":1,"minecraft:crafting_table":1},"minecraft:crafted":{"minecraft:crafting_table":2,"minecraft:spruce_planks":12,"minecraft:stick":4},"minecraft:used":{"cobblemon:healing_machine":1}},"DataVersion":3465}