{"stats":{"minecraft:killed_by":{"guardvillagers:guard":1,"cobblemon:pokemon":1,"minecraft:player":1},"minecraft:custom":{"minecraft:time_since_rest":10858,"minecraft:crouch_one_cm":805,"minecraft:play_time":86650,"minecraft:sprint_one_cm":7951,"minecraft:walk_one_cm":589821,"minecraft:damage_taken":1446,"minecraft:deaths":5,"minecraft:sneak_time":592,"minecraft:drop":2,"minecraft:jump":245,"minecraft:damage_dealt":58,"minecraft:leave_game":1,"minecraft:time_since_death":10110,"minecraft:sleep_in_bed":2,"minecraft:total_world_time":86650,"minecraft:fall_one_cm":9905,"minecraft:fly_one_cm":4428},"minecraft:mined":{"cobblemon:oran_berry":3,"minecraft:spruce_leaves":2,"minecraft:spruce_log":7},"minecraft:picked_up":{"minecraft:rotten_flesh":1,"minecraft:brown_wool":7,"cobblemon:oran_berry":11,"minecraft:porkchop":7,"minecraft:spruce_sapling":1,"minecraft:spruce_log":7,"cobblemon:never_melt_ice":1,"minecraft:snowball":2,"minecraft:bone_block":1},"minecraft:dropped":{"cobblemon:revive":1,"minecraft:crafting_table":1},"minecraft:crafted":{"minecraft:crafting_table":2,"minecraft:spruce_planks":12,"minecraft:stick":4},"minecraft:used":{"cobblemon:healing_machine":1}},"DataVersion":3465}