{"stats":{"minecraft:dropped":{"cobblemon:wepear_berry":3,"minecraft:crafting_table":1,"cobblemon:revive":2,"patchouli:guide_book":1,"minecraft:bone_block":1},"minecraft:picked_up":{"minecraft:crafting_table":3,"cobblemon:yellow_apricorn":5,"mythicmetals:raw_banglum":4,"minecraft:brown_wool":8,"cobblemon:wepear_berry":18,"minecraft:oak_trapdoor":1,"minecraft:raw_copper":29,"minecraft:wheat_seeds":6,"minecraft:cobbled_deepslate":1,"minecraft:raw_gold":13,"mythicmetals:raw_osmium":2,"cobblemon:oran_berry":11,"minecraft:furnace":2,"cobblemon:sun_stone":1,"minecraft:raw_iron":13,"patchouli:guide_book":1,"minecraft:torch":3,"cobblemon:persim_berry":16,"minecraft:porkchop":8,"cobblemon:yellow_apricorn_seed":1,"minecraft:honeycomb_block":1,"minecraft:spruce_sapling":1,"mythicmetals:raw_tin":3,"minecraft:diorite":11,"minecraft:spruce_log":7,"cobblemon:never_melt_ice":2,"minecraft:rotten_flesh":5,"cobblemon:poke_ball":2,"minecraft:honey_block":3,"minecraft:terracotta":3,"minecraft:mutton":2,"minecraft:bone_block":2,"minecraft:coal":29,"minecraft:snowball":3,"minecraft:white_wool":2,"minecraft:cobblestone":44},"minecraft:used":{"minecraft:cooked_mutton":2,"minecraft:stone_pickaxe":89,"minecraft:chest":1,"minecraft:wooden_pickaxe":17,"minecraft:torch":11,"minecraft:crafting_table":5,"minecraft:snowball":3,"cobblemon:healing_machine":1,"mythicmetals:banglum_axe":19,"minecraft:iron_pickaxe":47,"minecraft:cobblestone":87,"minecraft:cooked_porkchop":7,"minecraft:furnace":3,"minecraft:porkchop":1,"minecraft:cooked_beef":3},"minecraft:custom":{"minecraft:interact_with_furnace":21,"lootr:looted_stat":7,"minecraft:mob_kills":8,"minecraft:interact_with_crafting_table":17,"minecraft:leave_game":3,"minecraft:time_since_death":16656,"minecraft:sleep_in_bed":2,"minecraft:climb_one_cm":3554,"minecraft:time_since_rest":16681,"minecraft:sprint_one_cm":54227,"minecraft:damage_taken":2271,"minecraft:walk_one_cm":1023523,"minecraft:drop":8,"minecraft:damage_dealt":1267,"minecraft:talked_to_villager":1,"minecraft:fly_one_cm":12525,"minecraft:open_chest":5,"minecraft:crouch_one_cm":1435,"minecraft:play_time":191504,"minecraft:deaths":6,"minecraft:sneak_time":1167,"minecraft:walk_under_water_one_cm":1574,"minecraft:jump":821,"minecraft:walk_on_water_one_cm":11507,"minecraft:total_world_time":191504,"minecraft:fall_one_cm":14835},"minecraft:killed":{"minecraft:sheep":2,"minecraft:zombie":3},"minecraft:crafted":{"minecraft:cooked_beef":3,"minecraft:wooden_shovel":1,"minecraft:cooked_porkchop":7,"minecraft:crafting_table":4,"minecraft:spruce_planks":28,"minecraft:wooden_pickaxe":1,"minecraft:furnace":2,"minecraft:copper_ingot":29,"minecraft:birch_planks":32,"minecraft:cooked_mutton":4,"minecraft:iron_chestplate":1,"minecraft:shield":1,"mythicmetals:banglum_ingot":4,"minecraft:stick":20,"minecraft:iron_ingot":13,"minecraft:iron_pickaxe":1,"minecraft:stone_pickaxe":1,"minecraft:chest":1,"minecraft:torch":20,"mythicmetals:banglum_axe":1,"mythicmetals:tin_ingot":3},"minecraft:mined":{"mythicmetals:osmium_ore":1,"minecraft:crafting_table":3,"minecraft:torch":1,"minecraft:honey_block":3,"minecraft:cobblestone":11,"minecraft:copper_ore":9,"minecraft:honeycomb_block":1,"minecraft:deepslate_coal_ore":6,"minecraft:spruce_leaves":2,"cobblemon:oran_berry":3,"minecraft:diorite":11,"minecraft:wall_torch":2,"minecraft:furnace":2,"minecraft:iron_ore":3,"minecraft:cobbled_deepslate":1,"minecraft:spruce_log":7,"mythicmetals:tin_ore":2,"minecraft:grass":3,"minecraft:coal_ore":23,"minecraft:deepslate_iron_ore":10,"minecraft:terracotta":3,"cobblemon:sun_stone_ore":1,"minecraft:stone":33,"minecraft:gold_ore":13,"mythicmetals:banglum_ore":2},"minecraft:killed_by":{"cobblemon:pokemon":1,"minecraft:player":1,"minecraft:zombie":1,"guardvillagers:guard":1}},"DataVersion":3465}