{"stats":{"minecraft:killed_by":{"cobblemon:pokemon":1,"minecraft:player":1,"guardvillagers:guard":1},"minecraft:custom":{"minecraft:time_since_rest":40772,"minecraft:interact_with_furnace":8,"minecraft:sprint_one_cm":13860,"minecraft:damage_taken":1521,"minecraft:walk_one_cm":714913,"minecraft:mob_kills":2,"minecraft:drop":3,"minecraft:damage_dealt":118,"minecraft:interact_with_crafting_table":6,"minecraft:fly_one_cm":6405,"minecraft:crouch_one_cm":899,"minecraft:play_time":116564,"minecraft:deaths":5,"minecraft:sneak_time":703,"minecraft:jump":377,"minecraft:leave_game":2,"minecraft:walk_on_water_one_cm":674,"minecraft:time_since_death":40024,"minecraft:sleep_in_bed":2,"minecraft:total_world_time":116564,"minecraft:fall_one_cm":10712},"minecraft:mined":{"minecraft:iron_ore":3,"mythicmetals:tin_ore":2,"minecraft:spruce_log":7,"minecraft:coal_ore":5,"minecraft:copper_ore":9,"minecraft:terracotta":3,"minecraft:spruce_leaves":2,"minecraft:stone":22,"cobblemon:oran_berry":3,"minecraft:gold_ore":13,"mythicmetals:banglum_ore":2,"minecraft:diorite":10},"minecraft:picked_up":{"minecraft:raw_iron":3,"mythicmetals:raw_banglum":4,"minecraft:brown_wool":7,"minecraft:porkchop":7,"mythicmetals:raw_tin":3,"minecraft:spruce_sapling":1,"minecraft:diorite":10,"minecraft:spruce_log":7,"cobblemon:never_melt_ice":1,"minecraft:raw_copper":29,"minecraft:rotten_flesh":3,"minecraft:raw_gold":13,"cobblemon:oran_berry":11,"minecraft:terracotta":3,"minecraft:coal":3,"minecraft:snowball":2,"minecraft:bone_block":1,"minecraft:cobblestone":22},"minecraft:dropped":{"minecraft:crafting_table":1,"cobblemon:revive":2},"minecraft:crafted":{"minecraft:wooden_shovel":1,"minecraft:cooked_porkchop":7,"minecraft:crafting_table":3,"minecraft:spruce_planks":28,"minecraft:stick":12,"minecraft:iron_ingot":3,"minecraft:wooden_pickaxe":1,"minecraft:iron_pickaxe":1,"minecraft:stone_pickaxe":1,"minecraft:furnace":1,"minecraft:torch":4},"minecraft:used":{"minecraft:stone_pickaxe":27,"minecraft:iron_pickaxe":25,"minecraft:wooden_pickaxe":17,"minecraft:crafting_table":2,"minecraft:furnace":1,"minecraft:cooked_porkchop":2,"cobblemon:healing_machine":1}},"DataVersion":3465}