{"stats":{"minecraft:killed_by":{"cobblemon:pokemon":1,"minecraft:player":1,"guardvillagers:guard":1},"minecraft:custom":{"minecraft:time_since_rest":30799,"minecraft:interact_with_furnace":6,"minecraft:sprint_one_cm":8662,"minecraft:damage_taken":1521,"minecraft:walk_one_cm":671651,"minecraft:mob_kills":2,"minecraft:drop":3,"minecraft:damage_dealt":118,"minecraft:interact_with_crafting_table":3,"minecraft:fly_one_cm":4525,"minecraft:crouch_one_cm":805,"minecraft:play_time":106591,"minecraft:deaths":5,"minecraft:sneak_time":656,"minecraft:jump":296,"minecraft:leave_game":2,"minecraft:time_since_death":30051,"minecraft:walk_on_water_one_cm":674,"minecraft:sleep_in_bed":2,"minecraft:total_world_time":106591,"minecraft:fall_one_cm":10174},"minecraft:mined":{"minecraft:spruce_log":7,"minecraft:terracotta":3,"minecraft:spruce_leaves":2,"minecraft:stone":11,"cobblemon:oran_berry":3},"minecraft:picked_up":{"minecraft:brown_wool":7,"minecraft:porkchop":7,"minecraft:spruce_sapling":1,"minecraft:spruce_log":7,"cobblemon:never_melt_ice":1,"minecraft:rotten_flesh":3,"cobblemon:oran_berry":11,"minecraft:terracotta":3,"minecraft:snowball":2,"minecraft:bone_block":1,"minecraft:cobblestone":11},"minecraft:dropped":{"minecraft:crafting_table":1,"cobblemon:revive":2},"minecraft:crafted":{"minecraft:wooden_shovel":1,"minecraft:cooked_porkchop":7,"minecraft:crafting_table":3,"minecraft:spruce_planks":28,"minecraft:stick":4,"minecraft:wooden_pickaxe":1,"minecraft:furnace":1},"minecraft:used":{"minecraft:wooden_pickaxe":14,"minecraft:crafting_table":2,"minecraft:furnace":1,"minecraft:cooked_porkchop":2,"cobblemon:healing_machine":1}},"DataVersion":3465}