{"stats":{"minecraft:killed_by":{"minecraft:player":1},"minecraft:custom":{"minecraft:jump":76,"minecraft:time_since_rest":1202,"minecraft:deaths":2,"minecraft:damage_dealt":37,"minecraft:crouch_one_cm":513,"minecraft:sprint_one_cm":2034,"minecraft:leave_game":1,"minecraft:play_time":38650,"minecraft:damage_taken":655,"minecraft:time_since_death":1174,"minecraft:walk_one_cm":287786,"minecraft:sleep_in_bed":2,"minecraft:sneak_time":259,"minecraft:total_world_time":38650,"minecraft:fall_one_cm":5112,"minecraft:fly_one_cm":1842},"minecraft:picked_up":{"minecraft:rotten_flesh":1}},"DataVersion":3465}