{"stats":{"minecraft:killed_by":{"minecraft:zombie":1},"minecraft:custom":{"minecraft:jump":57,"minecraft:time_since_rest":5526,"minecraft:damage_dealt":90,"minecraft:crouch_one_cm":490,"minecraft:sprint_one_cm":709,"minecraft:walk_one_cm":31922,"minecraft:leave_game":1,"minecraft:play_time":16353,"minecraft:damage_taken":645,"minecraft:time_since_death":5428,"minecraft:deaths":2,"minecraft:sneak_time":69,"minecraft:total_world_time":16353,"minecraft:mob_kills":1,"minecraft:fall_one_cm":4857,"minecraft:fly_one_cm":406},"minecraft:picked_up":{"cobblemon:poke_ball":3},"minecraft:killed":{"cobblemon:pokemon":1}},"DataVersion":3465}