{"stats":{"minecraft:killed_by":{"minecraft:zombie":1,"friendsandfoes:iceologer":1},"minecraft:custom":{"minecraft:jump":104,"minecraft:time_since_rest":10408,"minecraft:damage_dealt":90,"minecraft:crouch_one_cm":750,"minecraft:sprint_one_cm":709,"minecraft:walk_one_cm":52566,"minecraft:leave_game":1,"minecraft:play_time":28353,"minecraft:damage_taken":845,"minecraft:time_since_death":10368,"minecraft:deaths":3,"minecraft:sneak_time":91,"minecraft:total_world_time":28353,"minecraft:mob_kills":1,"minecraft:fall_one_cm":5275,"minecraft:fly_one_cm":473,"minecraft:walk_on_water_one_cm":602},"minecraft:mined":{"minecraft:dead_bush":4},"minecraft:picked_up":{"minecraft:stick":3,"cobblemon:poke_ball":4},"minecraft:killed":{"cobblemon:pokemon":1}},"DataVersion":3465}