{"stats":{"minecraft:killed_by":{"minecraft:zombie":2,"friendsandfoes:iceologer":1},"minecraft:custom":{"minecraft:time_since_rest":26103,"minecraft:crouch_one_cm":1176,"minecraft:play_time":68155,"minecraft:sprint_one_cm":18124,"minecraft:deaths":4,"minecraft:damage_taken":1203,"minecraft:walk_one_cm":174496,"minecraft:sneak_time":132,"minecraft:walk_under_water_one_cm":2919,"minecraft:mob_kills":2,"minecraft:jump":411,"minecraft:damage_dealt":134,"minecraft:leave_game":2,"minecraft:walk_on_water_one_cm":924,"minecraft:time_since_death":25789,"minecraft:total_world_time":68155,"minecraft:fall_one_cm":7789,"minecraft:fly_one_cm":27481},"minecraft:mined":{"minecraft:cactus":2,"minecraft:dead_bush":4,"cobblemon:rawst_berry":1,"expandeddelight:wild_chili_pepper":19},"minecraft:picked_up":{"minecraft:cactus":3,"minecraft:stick":3,"minecraft:arrow":2,"cobblemon:poke_ball":14,"minecraft:brown_wool":3,"cobblemon:revive":2,"expandeddelight:chili_pepper":18,"minecraft:porkchop":3,"cobblemon:relic_coin":1,"cobblemon:persim_berry":17,"cobblemon:aspear_berry":1,"minecraft:snowball":1},"minecraft:used":{"minecraft:snowball":1},"minecraft:killed":{"cobblemon:pokemon":2}},"DataVersion":3465}