{"stats":{"minecraft:killed_by":{"minecraft:zombie":2,"friendsandfoes:iceologer":1},"minecraft:custom":{"minecraft:time_since_rest":10301,"minecraft:crouch_one_cm":1050,"minecraft:play_time":52353,"minecraft:sprint_one_cm":9670,"minecraft:deaths":4,"minecraft:damage_taken":1083,"minecraft:walk_one_cm":123288,"minecraft:sneak_time":119,"minecraft:mob_kills":2,"minecraft:jump":268,"minecraft:damage_dealt":134,"minecraft:leave_game":1,"minecraft:walk_on_water_one_cm":602,"minecraft:time_since_death":9987,"minecraft:total_world_time":52353,"minecraft:fall_one_cm":7104,"minecraft:fly_one_cm":10462},"minecraft:mined":{"minecraft:dead_bush":4},"minecraft:picked_up":{"minecraft:stick":3,"minecraft:arrow":2,"cobblemon:poke_ball":4,"minecraft:brown_wool":3,"cobblemon:revive":1,"minecraft:porkchop":3,"cobblemon:relic_coin":1,"cobblemon:aspear_berry":1},"minecraft:killed":{"cobblemon:pokemon":2}},"DataVersion":3465}