{"stats":{"minecraft:killed_by":{"minecraft:zombie":1,"friendsandfoes:iceologer":1},"minecraft:custom":{"minecraft:time_since_rest":22408,"minecraft:crouch_one_cm":867,"minecraft:play_time":40353,"minecraft:sprint_one_cm":1708,"minecraft:deaths":3,"minecraft:damage_taken":983,"minecraft:walk_one_cm":91968,"minecraft:sneak_time":104,"minecraft:mob_kills":1,"minecraft:jump":203,"minecraft:damage_dealt":90,"minecraft:leave_game":1,"minecraft:walk_on_water_one_cm":602,"minecraft:time_since_death":22368,"minecraft:total_world_time":40353,"minecraft:fall_one_cm":6563,"minecraft:fly_one_cm":2379},"minecraft:mined":{"minecraft:dead_bush":4},"minecraft:picked_up":{"minecraft:stick":3,"cobblemon:poke_ball":4,"minecraft:brown_wool":1,"cobblemon:revive":1,"minecraft:porkchop":1,"cobblemon:relic_coin":1},"minecraft:killed":{"cobblemon:pokemon":1}},"DataVersion":3465}