{"stats":{"minecraft:killed_by":{"cobblemon:pokemon":2,"minecraft:zombie":5},"minecraft:custom":{"minecraft:time_since_rest":59364,"lootr:looted_stat":1,"minecraft:sprint_one_cm":86347,"minecraft:damage_taken":1804,"minecraft:walk_one_cm":153834,"minecraft:mob_kills":3,"minecraft:drop":1,"minecraft:damage_dealt":457,"minecraft:fly_one_cm":319906,"minecraft:player_kills":1,"minecraft:crouch_one_cm":4779,"minecraft:play_time":151217,"minecraft:deaths":7,"minecraft:sneak_time":1333,"minecraft:jump":978,"minecraft:leave_game":5,"minecraft:time_since_death":59217,"minecraft:total_world_time":151217,"minecraft:fall_one_cm":6385},"minecraft:mined":{"minecraft:grass":2,"minecraft:acacia_log":17,"minecraft:oak_log":6,"minecraft:dead_bush":2,"minecraft:oak_leaves":2},"minecraft:picked_up":{"minecraft:stick":6,"minecraft:crafting_table":1,"minecraft:torch":1,"minecraft:acacia_log":16,"minecraft:oak_log":6,"minecraft:arrow":2,"minecraft:bone":2,"minecraft:rotten_flesh":2,"minecraft:soul_lantern":1,"minecraft:oak_sapling":5,"minecraft:acacia_sapling":1},"minecraft:dropped":{"minecraft:stick":1},"minecraft:crafted":{"minecraft:oak_planks":24,"minecraft:acacia_planks":36},"minecraft:used":{"minecraft:apple":5,"minecraft:lantern":12,"minecraft:grass_block":20,"minecraft:stone_axe":28,"minecraft:stripped_oak_wood":1,"minecraft:oak_wood":2,"minecraft:stripped_oak_log":65,"cobblemon:healing_machine":3},"minecraft:killed":{"minecraft:zombie":1,"minecraft:player":1}},"DataVersion":3465}