{"stats":{"minecraft:killed_by":{"cobblemon:pokemon":2,"minecraft:zombie":5},"minecraft:custom":{"minecraft:time_since_rest":13360,"minecraft:crouch_one_cm":3559,"minecraft:sprint_one_cm":40955,"minecraft:play_time":105213,"minecraft:deaths":7,"minecraft:damage_taken":1654,"minecraft:walk_one_cm":92862,"minecraft:sneak_time":818,"minecraft:mob_kills":1,"minecraft:drop":1,"minecraft:jump":518,"minecraft:damage_dealt":193,"minecraft:leave_game":3,"minecraft:time_since_death":13213,"minecraft:total_world_time":105213,"minecraft:player_kills":1,"minecraft:fall_one_cm":1171,"minecraft:fly_one_cm":159971},"minecraft:mined":{"minecraft:dead_bush":2},"minecraft:picked_up":{"minecraft:stick":2,"minecraft:torch":1},"minecraft:dropped":{"minecraft:stick":1},"minecraft:used":{"minecraft:stripped_oak_wood":1,"minecraft:lantern":12,"minecraft:grass_block":20,"minecraft:stripped_oak_log":63,"cobblemon:healing_machine":3},"minecraft:killed":{"minecraft:player":1}},"DataVersion":3465}