{"stats":{"minecraft:killed_by":{"cobblemon:pokemon":5,"minecraft:player":1,"minecraft:zombie":5},"minecraft:custom":{"minecraft:time_since_rest":2572,"lootr:looted_stat":3,"minecraft:sprint_one_cm":106161,"minecraft:damage_taken":2752,"minecraft:walk_one_cm":334306,"minecraft:mob_kills":4,"minecraft:drop":4,"minecraft:damage_dealt":1134,"minecraft:interact_with_crafting_table":3,"minecraft:fly_one_cm":351215,"minecraft:player_kills":2,"minecraft:open_chest":15,"minecraft:crouch_one_cm":7696,"minecraft:play_time":205193,"minecraft:deaths":11,"minecraft:sneak_time":2472,"minecraft:jump":1184,"minecraft:leave_game":7,"minecraft:time_since_death":21932,"minecraft:sleep_in_bed":1,"minecraft:total_world_time":205193,"minecraft:fall_one_cm":6385},"minecraft:picked_up":{"minecraft:stick":8,"minecraft:crafting_table":2,"minecraft:smooth_basalt":19,"minecraft:acacia_log":16,"minecraft:torch":1,"minecraft:spruce_fence":1,"minecraft:oak_log":6,"minecraft:red_bed":1,"minecraft:lantern":3,"cobblemon:healing_machine":1,"minecraft:bone":2,"minecraft:arrow":2,"minecraft:blackstone":6,"minecraft:rotten_flesh":4,"minecraft:soul_lantern":1,"minecraft:oak_sapling":5,"minecraft:acacia_sapling":1,"minecraft:cobblestone":3},"minecraft:mined":{"cobblemon:healing_machine":1,"minecraft:red_bed":1,"minecraft:blackstone":6,"minecraft:crafting_table":1,"diagonalfences:minecraft/spruce_fence":1,"minecraft:grass":2,"minecraft:acacia_log":17,"minecraft:oak_log":6,"minecraft:dead_bush":2,"minecraft:tall_grass":1,"minecraft:smooth_basalt":20,"minecraft:stone":3,"minecraft:oak_leaves":2},"minecraft:dropped":{"cobblemon:poke_ball":4,"minecraft:crafting_table":1,"minecraft:stick":1},"minecraft:crafted":{"minecraft:oak_planks":24,"minecraft:crafting_table":1,"minecraft:chest":4,"minecraft:acacia_planks":64},"minecraft:used":{"minecraft:apple":24,"minecraft:spruce_wood":2,"minecraft:spruce_door":2,"minecraft:grass_block":20,"minecraft:lantern":40,"minecraft:spruce_slab":17,"minecraft:stone_pickaxe":30,"minecraft:chest":4,"minecraft:spruce_planks":1,"minecraft:iron_sword":8,"minecraft:spruce_fence_gate":6,"minecraft:stone_bricks":209,"minecraft:soul_lantern":1,"minecraft:stone_axe":32,"minecraft:bow":6,"minecraft:crafting_table":1,"minecraft:red_bed":3,"minecraft:stripped_oak_wood":1,"minecraft:spruce_stairs":4,"minecraft:carrot":3,"minecraft:oak_wood":2,"minecraft:stripped_oak_log":65,"minecraft:spruce_fence":23,"minecraft:spruce_log":268,"cobblemon:healing_machine":5},"minecraft:killed":{"minecraft:zombie":2,"minecraft:player":2}},"DataVersion":3465}