{"stats":{"minecraft:killed_by":{"cobblemon:pokemon":2,"minecraft:zombie":5},"minecraft:custom":{"minecraft:time_since_rest":47146,"minecraft:crouch_one_cm":4599,"minecraft:sprint_one_cm":66147,"minecraft:play_time":138999,"minecraft:deaths":7,"minecraft:damage_taken":1654,"minecraft:walk_one_cm":141599,"minecraft:sneak_time":1202,"minecraft:mob_kills":2,"minecraft:drop":1,"minecraft:jump":779,"minecraft:damage_dealt":256,"minecraft:leave_game":4,"minecraft:time_since_death":46999,"minecraft:total_world_time":138999,"minecraft:fall_one_cm":1589,"minecraft:fly_one_cm":219167,"minecraft:player_kills":1},"minecraft:picked_up":{"minecraft:crafting_table":1,"minecraft:stick":2,"minecraft:bone":2,"minecraft:arrow":2,"minecraft:torch":1,"minecraft:acacia_log":9,"minecraft:acacia_sapling":1},"minecraft:mined":{"minecraft:grass":1,"minecraft:acacia_log":10,"minecraft:dead_bush":2},"minecraft:dropped":{"minecraft:stick":1},"minecraft:crafted":{"minecraft:acacia_planks":36},"minecraft:used":{"minecraft:stone_axe":11,"minecraft:grass_block":20,"minecraft:lantern":12,"minecraft:stripped_oak_wood":1,"minecraft:oak_wood":2,"minecraft:stripped_oak_log":65,"cobblemon:healing_machine":3},"minecraft:killed":{"minecraft:player":1}},"DataVersion":3465}