{"stats":{"minecraft:killed_by":{"minecraft:zombie":5,"cobblemon:pokemon":1},"minecraft:custom":{"minecraft:jump":412,"minecraft:time_since_rest":207,"minecraft:damage_dealt":153,"minecraft:damage_taken":1380,"minecraft:crouch_one_cm":396,"minecraft:leave_game":3,"minecraft:play_time":81213,"minecraft:sprint_one_cm":31716,"minecraft:time_since_death":165,"minecraft:walk_one_cm":47813,"minecraft:deaths":6,"minecraft:sneak_time":121,"minecraft:total_world_time":81213,"minecraft:mob_kills":1,"minecraft:drop":1,"minecraft:fall_one_cm":962,"minecraft:fly_one_cm":133972},"minecraft:mined":{"minecraft:dead_bush":2},"minecraft:picked_up":{"minecraft:stick":2},"minecraft:dropped":{"minecraft:stick":1},"minecraft:used":{"minecraft:lantern":12}},"DataVersion":3465}