{"stats":{"minecraft:killed_by":{"minecraft:zombie":5,"cobblemon:pokemon":2},"minecraft:custom":{"minecraft:jump":442,"minecraft:time_since_rest":1360,"minecraft:damage_dealt":153,"minecraft:damage_taken":1654,"minecraft:crouch_one_cm":1285,"minecraft:leave_game":3,"minecraft:play_time":93213,"minecraft:sprint_one_cm":34596,"minecraft:time_since_death":1213,"minecraft:walk_one_cm":61456,"minecraft:deaths":7,"minecraft:sneak_time":294,"minecraft:total_world_time":93213,"minecraft:mob_kills":1,"minecraft:drop":1,"minecraft:fall_one_cm":1171,"minecraft:fly_one_cm":143921},"minecraft:mined":{"minecraft:dead_bush":2},"minecraft:picked_up":{"minecraft:stick":2},"minecraft:dropped":{"minecraft:stick":1},"minecraft:used":{"minecraft:lantern":12}},"DataVersion":3465}