{"stats":{"minecraft:killed_by":{"cobblemon:pokemon":2,"minecraft:zombie":5},"minecraft:custom":{"minecraft:time_since_rest":34607,"minecraft:crouch_one_cm":4507,"minecraft:sprint_one_cm":55199,"minecraft:play_time":126460,"minecraft:deaths":7,"minecraft:damage_taken":1654,"minecraft:walk_one_cm":126271,"minecraft:sneak_time":1163,"minecraft:mob_kills":2,"minecraft:drop":1,"minecraft:jump":631,"minecraft:damage_dealt":256,"minecraft:leave_game":4,"minecraft:time_since_death":34460,"minecraft:total_world_time":126460,"minecraft:player_kills":1,"minecraft:fall_one_cm":1171,"minecraft:fly_one_cm":180494},"minecraft:mined":{"minecraft:dead_bush":2},"minecraft:picked_up":{"minecraft:crafting_table":1,"minecraft:stick":2,"minecraft:torch":1},"minecraft:dropped":{"minecraft:stick":1},"minecraft:used":{"minecraft:stripped_oak_wood":1,"minecraft:lantern":12,"minecraft:grass_block":20,"minecraft:oak_wood":2,"minecraft:stripped_oak_log":65,"cobblemon:healing_machine":3},"minecraft:killed":{"minecraft:player":1}},"DataVersion":3465}