{"stats":{"minecraft:killed_by":{"minecraft:zombie":5},"minecraft:custom":{"minecraft:jump":198,"minecraft:time_since_rest":19756,"minecraft:damage_dealt":132,"minecraft:damage_taken":1170,"minecraft:crouch_one_cm":293,"minecraft:leave_game":3,"minecraft:play_time":69213,"minecraft:sprint_one_cm":12568,"minecraft:time_since_death":19725,"minecraft:walk_one_cm":30572,"minecraft:deaths":5,"minecraft:sneak_time":93,"minecraft:total_world_time":69213,"minecraft:fall_one_cm":627,"minecraft:fly_one_cm":30468},"minecraft:mined":{"minecraft:dead_bush":2},"minecraft:picked_up":{"minecraft:stick":1}},"DataVersion":3465}