{"stats":{"minecraft:killed_by":{"cobblemon:pokemon":2,"minecraft:player":1,"minecraft:skeleton":2},"minecraft:custom":{"minecraft:time_since_rest":1620,"lootr:looted_stat":3,"minecraft:sprint_one_cm":128015,"minecraft:damage_taken":1633,"minecraft:walk_one_cm":160659,"minecraft:mob_kills":2,"minecraft:damage_dealt":648,"minecraft:swim_one_cm":1066,"minecraft:interact_with_crafting_table":5,"minecraft:fly_one_cm":144982,"minecraft:player_kills":1,"minecraft:open_chest":2,"minecraft:crouch_one_cm":1184,"minecraft:play_time":46477,"minecraft:deaths":6,"minecraft:sneak_time":446,"minecraft:walk_under_water_one_cm":75,"minecraft:jump":797,"minecraft:leave_game":2,"minecraft:time_since_death":1562,"minecraft:walk_on_water_one_cm":4039,"minecraft:climb_one_cm":3864,"minecraft:total_world_time":46477,"minecraft:fall_one_cm":17862},"minecraft:mined":{"minecraft:acacia_leaves":2,"minecraft:fire":8,"cobblemon:apricorn_leaves":1,"minecraft:ladder":2,"minecraft:grass":2,"minecraft:acacia_log":5,"minecraft:dead_bush":3,"minecraft:smooth_basalt":6,"cobblemon:relic_coin_pouch":1},"minecraft:picked_up":{"minecraft:stick":5,"minecraft:crafting_table":1,"minecraft:smooth_basalt":7,"minecraft:ladder":2,"minecraft:cooked_porkchop":5,"minecraft:leather":1,"minecraft:acacia_log":5,"cobblemon:rawst_berry":28,"cobblemon:passho_berry":10,"minecraft:arrow":1,"minecraft:bone":2,"cobblemon:poke_ball":4,"cobblemon:relic_coin":6},"minecraft:crafted":{"minecraft:crafting_table":1,"minecraft:spruce_planks":12,"minecraft:stick":4,"minecraft:wooden_pickaxe":1,"minecraft:wooden_axe":1},"minecraft:used":{"minecraft:wooden_axe":1,"minecraft:bread":4,"minecraft:ladder":2,"minecraft:wooden_pickaxe":6,"minecraft:iron_sword":8,"minecraft:crafting_table":1,"minecraft:cooked_porkchop":5,"cobblemon:healing_machine":1},"minecraft:killed":{"minecraft:player":1,"naturalist:boar":1}},"DataVersion":3465}