{
  "uuid": "792f1c47-ef5e-3602-a889-0971cd3e8d31",
  "starterPrompted": true,
  "starterLocked": false,
  "starterSelected": true,
  "starterUUID": "831208f5-dc8d-4c37-8a93-06c1df542ff0",
  "keyItems": [],
  "battleTheme": "cobblemon:battle.pvp.default",
  "extraData": {
    "cobbledex_discovery": {
      "registers": {
        "bulbasaur": {
          "normal": {
            "isShiny": false,
            "status": "CAUGHT",
            "discoveredTimestamp": 1732478440497,
            "caughtTimestamp": 1732478440497
          }
        },
        "wooloo": {
          "normal": {
            "isShiny": false,
            "status": "CAUGHT",
            "discoveredTimestamp": 1732479509702,
            "caughtTimestamp": 1732479509702
          }
        },
        "shinx": {
          "normal": {
            "isShiny": false,
            "status": "CAUGHT",
            "discoveredTimestamp": 1732479556574,
            "caughtTimestamp": 1732479556574
          }
        }
      },
      "name": "cobbledex_discovery"
    },
    "Cobbledex_RewardHistory": {
      "received": [],
      "name": "Cobbledex_RewardHistory"
    }
  },
  "advancementData": {
    "totalCaptureCount": 2,
    "totalEggsHatched": 0,
    "totalEvolvedCount": 0,
    "totalBattleVictoryCount": 3,
    "totalPvPBattleVictoryCount": 0,
    "totalPvWBattleVictoryCount": 3,
    "totalPvNBattleVictoryCount": 0,
    "totalShinyCaptureCount": 0,
    "totalTradedCount": 0,
    "totalTypeCaptureCounts": {
      "normal": 1,
      "electric": 1
    },
    "totalDefeatedCounts": {
      "cobblemon:geodude": 1
    },
    "aspectsCollected": {}
  }
}